Movie_id,Title,Director,Actor1,Actor2,Actor3,Genre,Overview,Ratings,Votes,Year
288158,The Woman in Black 2: Angel of Death,Tom Harper,Phoebe Fox,Jeremy Irvine,Helen McCrory,Thriller Horror Drama,"40 years after the first haunting at Eel Marsh House, a group of children evacuated from WWII London arrive, awakening the house's darkest inhabitant.",4.8,29362,2015
300706,Let's Kill Ward's Wife,Scott Foley,Patrick Wilson,Scott Foley,Donald Faison,Comedy,"Everyone hates WardÃƒÂ¢Ã‚Â€Ã‚Â™s wife and wants her dead, Ward most of all. But when his friendsÃƒÂ¢Ã‚Â€Ã‚Â™ murderous fantasies turn into an (accidental) reality, they have to deal with a whole new set of problems ÃƒÂ¢Ã‚Â€Ã‚Â” like how to dispose of the body and still make their 3 p.m. tee time.",5.4,6687,2015
261036,Match,Stephen Belber,Patrick Stewart,Carla Gugino,Mathew Lillard,Comedy Drama,"A Seattle couple travel to New York to interview colorful former dancer Tobi for research on a dissertation about dance. But soon, common niceties and social graces erode when the questions turn personal and the true nature of the interview is called into question.",6.7,2550,2015
201088,Blackhat,Michael Mann,Chris Hemsworth,Tang Wei,Viola Davis,Crime Thriller Action,"Nicholas Hathaway, a furloughed convict, and his American and Chinese partners hunt a high-level cybercrime network from Chicago to Los Angeles to Hong Kong to Jakarta. As Hathaway closes in, the stakes become personal as he discovers that the attack on a Chinese nuclear power plant was just the beginning.",5.5,63243,2015
244260,Little Accidents,Sara Colangelo,Elizabeth Banks,Boyd Holbrook,Chloë Sevigny,Drama,"In a small American coal town living in the shadow of a recent mining accident, the disappearance of a teenage boy draws three people togetherÃƒÂ¢Ã‚Â€Ã‚Â”a surviving miner, the lonely wife of a mine executive, and a local boyÃƒÂ¢Ã‚Â€Ã‚Â”in a web of secrets.",5.8,3821,2015
716819,Spare Parts,Sean McNamara,George Lopez,Jamie Lee Curtis,Carlos PenaVega,Horror Action,"In a godforsaken bar in the middle of nowhere, an all-girl band ÃƒÂ¢Ã‚Â€Ã‚Â“ Ms. 45 ÃƒÂ¢Ã‚Â€Ã‚Â“ rips the stage apart with their punk spirit. But their performance impresses an enthusiastic fan who lures the girls into a trap, sedates them, and startsÃƒÂ¢Ã‚Â€Ã‚Â¦customizing them. Slowly they begin to gain consciousness and, in total shock, realize their arms have all been replaced with axes and chainsaws to fight gladiator-style in a junkyard arena owned by a sadistic ""emperor,"" forcing them into the battle of their lives with one prize in mind ÃƒÂ¢Ã‚Â€Ã‚Â“ their freedom.",7.2,11672,2015
252838,The Wedding Ringer,Jeremy Garelick,Kevin Hart,Josh Gad,Kaley Cuoco,Comedy,"Doug Harris is a loveable but socially awkward groom-to-be with a problem: he has no best man.  With less than two weeks to go until he marries the girl of his dreams, Doug is referred to Jimmy Callahan, owner and CEO of Best Man, Inc., a company that provides flattering best men for socially challenged guys in need.  What ensues is a hilarious wedding charade as they try to pull off the big con, and an unexpected budding bromance between Doug and his fake best man Jimmy.",6.6,79178,2015
307663,Vice,Brian A. Miller,Thomas Jane,Bruce Willis,Ambyr Childers,Thriller Sci-Fi Action Adventure,"Julian Michaels has designed the ultimate resort: VICE, where anything goes and the customers can play out their wildest fantasies with artificial inhabitants who look, think and feel like humans. When an artificial becomes self-aware and escapes, she finds herself caught in the crossfire between Julian's mercenaries and a cop who is hell-bent on shutting down Vice, and stopping the violence once and for all.",4.2,16949,2015
25968,Veronika Decides to Die,Emily Young,Sarah Michelle Gellar,Jonathan Tucker,Erika Christensen,Drama Romance,"After a frantic suicide attempt, Veronika awakens inside a mysterious mental asylum. Under the supervision of an unorthodox psychiatrist who specializes in controversial treatment, Veronika learns that she has only weeks to live.",6.3,13056,2015
241251,The Boy Next Door,Rob Cohen,Jennifer Lopez,Ryan Guzman,John Corbett,Thriller,"A recently cheated on married woman falls for a younger man who has moved in next door, but their torrid affair soon takes a dangerous turn.",4.7,44610,2015
254023,The Humbling,Barry Levinson,Al Pacino,Greta Gerwig,Dianne Wiest,Drama Comedy,"Following a breakdown and suicide attempt, an aging actor becomes involved with a much younger woman but soon finds that it's difficult to keep pace with her.",5.6,7138,2015
210860,Mortdecai,David Koepp,Johnny Depp,Gwyneth Paltrow,Ewan McGregor,Comedy Adventure,"An art dealer, Charles Mortdecai, searches for a stolen painting rumored to contain a secret code that gains access to hidden Nazi gold.",5.5,75892,2015
244783,Song One,Kate Barker-Froyland,Anne Hathaway,Johnny Flynn,Ben Rosenfield,Drama,"Estranged from her family, Franny returns home when an accident leaves her brother comatose. Retracing his life as an aspiring musician, she tracks down his favorite musician, James Forester. Against the backdrop of BrooklynÃƒÂ¢Ã‚Â€Ã‚Â™s music scene, Franny and James develop an unexpected relationship and face the realities of their lives.",5.8,10192,2015
302429,Strange Magic,Gary Rydstrom,Alan Cumming,Evan Rachel Wood,Kristin Chenoweth,Music Animation Family Fantasy,"A love potion works its devious charms on fairies, elves and the swamp-dwelling Bog King as they all try to possess the potion for themselves.",5.7,11976,2015
253287,We'll Never Have Paris,Simon Helberg,Simon Helberg,Melanie Lynskey,Zachary Quinto,Comedy Romance,"Quinn, a neurotic man, is diagnosed with a harmless eye condition and soon after his life spirals out of control. He second-guesses his plans to propose to his longtime girlfriend, Devon, after his beautiful coworker, Kelsey, confesses that she has a crush on him. After a conversation with his best friend, Jameson, he clumsily tries to explain his doubts to Devon, but his possible proposal turns into a break-up. When Devon flees to Paris, he follows her in a last-ditch effort to win back ""the one.""",4.6,3757,2015
253331,Black or White,Mike Binder,Kevin Costner,Octavia Spencer,Jillian Estell,Drama,"A grieving widower is drawn into a custody battle over his granddaughter, whom he helped raise her entire life.",6.6,13751,2015
72784,The Loft,Erik Van Looy,Karl Urban,James Marsden,Wentworth Miller,Thriller,"For five men, the opportunity to share a penthouse in the city -- in which to carry on extramarital affairs -- is a dream come true, until the dead body of an unknown woman turns up. Realizing that her killer must be one of their group, the men are gripped by paranoia as each one suspects another. Friendships are tested, loyalties are questioned, and marriages crumble while fear and suspicion run rampant.",7.7,76,2015
227719,Project Almanac,Dean Israelite,Jonny Weston,Sofia Black-D'Elia,Sam Lerner,Sci-Fi Thriller Drama,"A group of teens discover secret plans of a time machine, and construct one. However, things start to get out of control.",6.3,83224,2015
265208,Wild Card,Simon West,Jason Statham,Michael Angarano,Milo Ventimiglia,Thriller Crime Action,"When a Las Vegas bodyguard with lethal skills and a gambling problem gets in trouble with the mob, he has one last playÃƒÂ¢Ã‚Â€Ã‚Â¦ and it's all or nothing.",5.6,58862,2015
275696,3 Nights in the Desert,Gabriel Cowan,Amber Tamblyn,Wes Bentley,Vincent Piazza,Drama,"Three former band mates enter a cave after hearing it has the power to give them what they need. As unsettling desires rise to the surface, they all wonder if the cave has real power.",4.6,1545,2015
176077,Enter the Dangerous Mind,Youssef Delara,Jake Hoffman,Nikki Reed,Thomas Dekker,Thriller,"A psychological thriller set in the world of underground dubstep, Snap is the story of Jim Whitman, a brilliant but painfully introverted musician who develops a crush on a young social worker.",5.1,1127,2015
76757,Jupiter Ascending,The Wachowskis,Channing Tatum,Mila Kunis,Sean Bean,Sci-Fi Fantasy Action,"In a universe where human genetic material is the most precious commodity, an impoverished young Earth woman becomes the key to strategic maneuvers and internal strife within a powerful dynastyÃƒÂ¢Ã‚Â€Ã‚Â¦",5.3,193021,2015
68737,Seventh Son,Sergei Bodrov,Jeff Bridges,Ben Barnes,Alicia Vikander,Adventure Fantasy,"John Gregory, who is a seventh son of a seventh son and also the local spook, has protected the country from witches, boggarts, ghouls and all manner of things that go bump in the night. However John is not young anymore, and has been seeking an apprentice to carry on his trade. Most have failed to survive. The last hope is a young farmer's son named Thomas Ward. Will he survive the training to become the spook that so many others couldn't?",5.5,79833,2015
228165,The SpongeBob Movie: Sponge Out of Water,Paul Tibbitt,Antonio Banderas,Tom Kenny,Clancy Brown,Family Adventure Comedy Fantasy Animation,"Burger Beard is a pirate who is in search of the final page of a magical book that makes any evil plan he writes in it come true, which happens to be the Krabby Patty secret formula. When the entire city of Bikini Bottom is put in danger, SpongeBob, Patrick, Mr. Krabs, Squidward, Sandy, and Plankton need to go on a quest that takes them to the surface. In order to get back the recipe and save their city, the gang must retrieve the book and transform themselves into superheroes.",6,59831,2015
244458,The Voices,Marjane Satrapi,Ryan Reynolds,Gemma Arterton,Anna Kendrick,Comedy Crime Horror Fantasy,"A mentally unhinged factory worker must decide whether to listen to his talking cat and become a killer, or follow his dog's advice to keep striving for normalcy.",6.3,61472,2015
316002,Accidental Love,David O. Russell,Jessica Biel,Jake Gyllenhaal,Catherine Keener,Romance Comedy,"A small town waitress gets a nail accidentally lodged in her head causing unpredictable behavior that leads her to Washington, DC.  Sparks fly when she meets a clueless young senator who takes up her cause - but what happens when love interferes with what you stand for?",4.1,8968,2015
278316,Da Sweet Blood of Jesus,Spike Lee,Zaraah Abrahams,Stephen Tyrone Williams,Rami Malek,Romance Drama Horror,"Dr. Hess Green becomes cursed by a mysterious ancient African artifact and is overwhelmed with a newfound thirst for blood. Soon after his transformation he enters into a dangerous romance with Ganja Hightower that questions the very nature of love, addiction, sex, and status.",4.5,1915,2015
216015,Fifty Shades of Grey,Sam Taylor-Johnson,Dakota Johnson,Jamie Dornan,Jennifer Ehle,Drama Romance Thriller,"When college senior Anastasia Steele steps in for her sick roommate to interview prominent businessman Christian Grey for their campus paper, little does she realize the path her life will take. Christian, as enigmatic as he is rich and powerful, finds himself strangely drawn to Ana, and she to him. Though sexually inexperienced, Ana plunges headlong into an affair -- and learns that Christian's true sexual proclivities push the boundaries of pain and pleasure.",4.2,331504,2015
207703,Kingsman: The Secret Service,Matthew Vaughn,Colin Firth,Samuel L. Jackson,Mark Strong,Crime Comedy Action Adventure,The story of a super-secret spy organization that recruits an unrefined but promising street kid into the agency's ultra-competitive training program just as a global threat emerges from a twisted tech genius.,7.8,908,2015
206296,The Last Five Years,Richard LaGravenese,Anna Kendrick,Jeremy Jordan,Tamara Mintz,Comedy Drama Music Romance,"In New York, a struggling actress and a successful writer sing about their failed marriage from two perspectives.",5.8,10613,2015
272693,The DUFF,Ari Sandel,Mae Whitman,Robbie Amell,Bella Thorne,Romance Comedy,"Bianca's universe turns upside down when she learns that her high school refers to her as a ÃƒÂ¢Ã‚Â€Ã‚Â˜DUFF' (Designated Ugly Fat Friend). Hoping to erase that label, she enlists the help of a charming jock and her favorite teacher. Together they'll face the school's mean girl and remind everyone that we are all someone's DUFFÃƒÂ¢Ã‚Â€Ã‚Â¦ and that's totally fine.",6.4,100055,2015
243938,Hot Tub Time Machine 2,Steve Pink,Rob Corddry,Craig Robinson,Clark Duke,Comedy,"After their first adventure with the ""Hot Tub Time Machine,"" Lou and Nick are living very well off their ill-gotten gains, while Jacob still cannot rely on Lou to be a positive role model. When an unknown assailant breaks into Lou's mansion and shoots him,ÃƒÂ‚Ã‚Â Nick and Jacob take him for another trip in the hot tub. They emerge in the year 2025, where they must figure out who shot Lou and prevent it from happening again.",5,40997,2015
228203,"McFarland, USA",Niki Caro,Kevin Costner,Maria Bello,Morgan Saylor,Drama Family,A track coach in a small California town transforms a team of athletes into championship contenders.,7.4,41430,2015
277355,Everly,Joe Lynch,Salma Hayek,Togo Igawa,Akie Kotabe,Thriller Action,"After she betrays a powerful mob boss, a woman matches wits and weaponry with a legion of killers who are out to collect the bounty on the heads of her and her family.",5.1,19223,2015
256591,Focus,Glenn Ficarra,Will Smith,Rodrigo Santoro,Margot Robbie,Romance Comedy Crime,"Nicky, an accomplished con artist, gets romantically involved with his disciple Jess but later ends their relationship. Years later, she returns as a femme fatale to spoil his plans.",6.6,269250,2015
243940,The Lazarus Effect,David Gelb,Mark Duplass,Olivia Wilde,Donald Glover,Horror Thriller Mystery Sci-Fi,"Medical researcher Frank, his fiancee Zoe and their team have achieved the impossible: they have found a way to revive the dead. After a successful, but unsanctioned, experiment on a lifeless animal, they are ready to make their work public. However, when their dean learns what they've done, he shuts them down. Zoe is killed during an attempt to recreate the experiment, leading Frank to test the process on her. Zoe is revived -- but something evil is within her.",5.2,45639,2015
157851,Maps to the Stars,David Cronenberg,Julianne Moore,Mia Wasikowska,Olivia Williams,Drama,"Driven by an intense need for fame and validation, members of a dysfunctional Hollywood family are chasing celebrity, one another and the relentless ghosts of their pasts.",6.2,42497,2015
309887,Bad Asses on the Bayou,Craig Moss,Danny Trejo,Danny Glover,John Amos,Comedy Action,"The third installment in the successful Bad Ass action-comedy franchise. Bad Asses on the Bayou reunites the dynamic duo, Frank Vega (Danny Trejo) and Bernie Pope (Danny Glover), as they travel to Louisiana to attend the wedding of their dear friend Carmen Gutierrez (Loni Love). What was pictured as a wedding weekend escape to the south turns violently ugly as madness and mayhem ensue, pressing our senior heroes to once again serve justice.",5.3,2383,2015
198184,Chappie,Neill Blomkamp,Sharlto Copley,Dev Patel,Hugh Jackman,Crime Action Sci-Fi,"Every child comes into the world full of promise, and none more so than Chappie: he is gifted, special, a prodigy. Like any child, Chappie will come under the influence of his surroundingsÃƒÂ¢Ã‚Â€Ã‚Â”some good, some badÃƒÂ¢Ã‚Â€Ã‚Â”and he will rely on his heart and soul to find his way in the world and become his own man. But there's one thing that makes Chappie different from any one else: he is a robot.",6.8,265670,2015
291362,Road Hard,Adam Carolla,Adam Carolla,Larry Miller,David Alan Grier,Comedy,"After his movie and television career has run dry, Bruce Madsen (Adam Carolla) is forced to go back on the road playing one dingy comedy club after another, spending endless nights in budget hotel rooms and always flying coach. Amidst trying to revitalize his career, rekindle his love life and put his daughter through college, Bruce knows one thing for sure - he must get off the road. ROAD HARD is the story of that journey.",6,1926,2015
268238,The Second Best Exotic Marigold Hotel,John Madden,Judi Dench,Maggie Smith,Dev Patel,Drama Comedy,As the Best Exotic Marigold Hotel has only a single remaining vacancy - posing a rooming predicament for two fresh arrivals - Sonny pursues his expansionist dream of opening a second hotel.,6.5,35421,2015
239573,Unfinished Business,Ken Scott,Vince Vaughn,Tom Wilkinson,Dave Franco,Comedy,"A hard-working small business owner and his two associates travel to Europe to close the most important deal of their lives.  But what began as a routine business trip goes off the rails in every imaginable ÃƒÂ¢Ã‚Â€Ã‚Â“ and unimaginable ÃƒÂ¢Ã‚Â€Ã‚Â“ way, including unplanned stops at a massive sex fetish event and a global economic summit.",5.4,34689,2015
243526,Faults,Riley Stearns,Leland Orser,Mary Elizabeth Winstead,Chris Ellis,Drama Comedy Crime,"Claire is under the grip of a mysterious new cult called Faults. Desperate to be reunited with their daughter, Claire's parents recruit one of the world's foremost experts on mind control, Ansel Roth.",6.7,10659,2015
11224,Cinderella,Kenneth Branagh,Cate Blanchett,Lily James,Richard Madden,Family Fantasy Animation Romance,"Cinderella has faith her dreams of a better life will come true. With help from her loyal mice friends and a wave of her Fairy Godmother's wand, Cinderella's rags are magically turned into a glorious gown and off she goes to the Royal Ball. But when the clock strikes midnight, the spell is broken, leaving a single glass slipper... the only key to the ultimate fairy-tale ending!",6.9,187171,2015
238215,The Cobbler,Tom McCarthy,Adam Sandler,Method Man,Ellen Barkin,Fantasy Comedy Drama,"Max Simkin repairs shoes in the same New York shop that has been in his family for generations. Disenchanted with the grind of daily life, Max stumbles upon a magical heirloom that allows him to step into the lives of his customers and see the world in a new way. Sometimes walking in another man's shoes is the only way one can discover who they really are.",5.8,59517,2015
240745,Cymbeline,Michael Almereyda,Ethan Hawke,Ed Harris,Milla Jovovich,Drama,War erupts between dirty cops and outlaw bikers as a drug kingpin tries to protect his empire.,3.7,4187,2015
276839,Home Sweet Hell,Anthony Burns,Katherine Heigl,Patrick Wilson,Jordana Brewster,Mystery Thriller Comedy Drama,"Don Champagne seems to have it all, but when his wife, Mona, learns of his affair with a pretty new salesgirl, she will stop at nothing to maintain their storybook life.",5.5,16354,2015
270303,It Follows,David Robert Mitchell,Maika Monroe,Keir Gilchrist,Daniel Zovatto,Horror Mystery,"When carefree teenager Jay sleeps with her older boyfriend for the first time, she learns that she is the latest recipient of a fatal curse that is passed from victim to victim via sexual intercourse. Death, Jay learns, will creep inexorably toward her as either a friend or a stranger. Jay's friends don't believe her seemingly paranoid ravings, until they too begin to see the phantom assassins and band together to help her defend herself.",6.8,263124,2015
256030,Muck,Steve Wolsh,Lachlan Buchanan,Puja Mohindra,Bryce Draper,Horror,"A group of friends emerge from the darkness, bloody and lucky to be alive. Having already lost two friends in the marsh, they break into an empty vacation house to take shelter. Whatever was in the marsh is still after them, but it's not the only thing that wants them dead. Something much worse and more savage lays in wait.",2.7,2933,2015
241554,Run All Night,Jaume Collet-Serra,Liam Neeson,Joel Kinnaman,Vincent D'Onofrio,Action Crime Thriller,"Brooklyn mobster and prolific hit man Jimmy Conlon has seen better days. Longtime best friend of a mob boss, Jimmy is haunted by the sins of his pastÃƒÂ¢Ã‚Â€Ã‚Â”as well as a dogged police detective whoÃƒÂ¢Ã‚Â€Ã‚Â™s been one step behind Jimmy for 30 years. But when JimmyÃƒÂ¢Ã‚Â€Ã‚Â™s estranged son becomes a target, Jimmy must make a choice between the crime family he chose and the real family he abandoned long ago. Now, with nowhere safe to turn, Jimmy has just one night to figure out exactly where his loyalties lie and to see if he can finally make things right.",6.6,113640,2015
256924,Danny Collins,Dan Fogelman,Al Pacino,Annette Bening,Jennifer Garner,Music Comedy Drama,An ageing hard-living 1970s rock star decides to change his life when he discovers a 40-year-old undelivered letter written to him by John Lennon.,7,32817,2015
262500,The Divergent Series: Insurgent,Robert Schwentke,Shailene Woodley,Theo James,Octavia Spencer,Action Adventure Sci-Fi Thriller,Beatrice Prior must confront her inner demons and continue her fight against a powerful alliance which threatens to tear her society apart.,6.2,250649,2015
309425,Do You Believe?,Jon Gunn,Mira Sorvino,Sean Astin,Alexa PenaVega,Fantasy Drama,"When a pastor is shaken by the visible faith of a street-corner preacher, he is reminded that true belief always requires action. His response ignites a journey that impacts everyone it touches in ways that only God could orchestrate.",6,8120,2015
266396,The Gunman,Pierre Morel,Sean Penn,Idris Elba,Ray Winstone,Action Drama Crime,"Eight years after fleeing the Congo following his assassination of that country's minister of mining, former assassin Jim Terrier is back, suffering from PTSD and digging wells to atone for his violent past. After an attempt is made on his life, Terrier flies to London to find out who wants him dead -- and why. Terrier's search leads him to a reunion with Annie, a woman he once loved, who is now married to an oily businessman with dealings in Africa.",5.8,43017,2015
290764,Tracers,Daniel Benmayor,Taylor Lautner,Marie Avgeropoulos,Adam Rayner,Action,"Wanted by the mafia, a New York City bike messenger escapes into the world of parkour after meeting a beautiful stranger.",5.6,19953,2015
312793,The Walking Deceased,Scott Dow,Tim Ogletree,Joey Oglesby,Dave Sheridan,Comedy Horror,"A group of survivors from all walks of the apocalypse ÃƒÂ¢Ã‚Â€Ã‚Â“ an idiotic Sheriff with definite coma-induced brain damage, his hardass son and a hobo with only a crossbow to stave off the walking dead, four squabbling friends forced to survive this zombieland together, and a lonely zombie who just needs love to fully regain his warm body ÃƒÂ¢Ã‚Â€Ã‚Â“ leave their once-safe mall hideout in search of the rumored Safe Haven Ranch, a refuge untouched by the zombie virus that has ravaged humanity.",3.6,3480,2015
257091,Get Hard,Etan Cohen,Will Ferrell,Kevin Hart,Tip 'T.I.' Harris,Comedy,"When obscenely rich hedge-fund manager James is convicted of fraud and sentenced to a stretch in San Quentin, the judge gives him one month to get his affairs in order. Knowing that he won't survive more than a few minutes in prison on his own, James desperately turns to Darnell-- a black businessman who's never even had a parking ticket -- for help. As Darnell puts James through the wringer, both learn that they were wrong about many things, including each other.",6,144756,2015
228161,Home,Tim Johnson,Jim Parsons,Rihanna,Steve Martin,Fantasy Comedy Animation Sci-Fi Family,"When Earth is taken over by the overly-confident Boov, an alien race in search of a new place to call home, all humans are promptly relocated, while all Boov get busy reorganizing the planet. But when one resourceful girl, Tip, manages to avoid capture, she finds herself the accidental accomplice of a banished Boov named Oh. The two fugitives realize thereÃƒÂ¢Ã‚Â€Ã‚Â™s a lot more at stake than intergalactic relations as they embark on the road trip of a lifetime.",6.5,109690,2015
164251,Serena,Susanne Bier,Bradley Cooper,Jennifer Lawrence,Rhys Ifans,Drama,"North Carolina mountains at the end of the 1920s ÃƒÂ¢Ã‚Â€Ã‚Â“ George and Serena Pemberton, love-struck newly-weds, begin to build a timber empire. Serena soon proves herself to be equal to any man: overseeing loggers, hunting rattle-snakes, even saving a manÃƒÂ¢Ã‚Â€Ã‚Â™s life in the wilderness. With power and influence now in their hands, the Pembertons refuse to let anyone stand in the way of their inflated love and ambitions. However, once Serena discovers GeorgeÃƒÂ¢Ã‚Â€Ã‚Â™s hidden past and faces an unchangeable fate of her own, the PembertonÃƒÂ¢Ã‚Â€Ã‚Â™s passionate marriage begins to unravel leading toward a dramatic reckoning.",5.4,30151,2015
252512,While We're Young,Noah Baumbach,Ben Stiller,Naomi Watts,Adam Driver,Comedy Drama Mystery,An uptight documentary filmmaker and his wife find their lives loosened up a bit after befriending a free-spirited younger couple.,6.3,52859,2015
168259,Furious 7,James Wan,Vin Diesel,Paul Walker,Dwayne Johnson,Action Thriller Crime,Deckard Shaw seeks revenge against Dominic Toretto and his family for his comatose brother.,7.1,409070,2015
304357,Woman in Gold,Simon Curtis,Helen Mirren,Ryan Reynolds,Daniel BrÃƒÂƒÃ‚Â¼hl,Drama,"Maria Altmann, an octogenarian Jewish refugee, takes on the Austrian government to recover a world famous painting of her aunt plundered by the Nazis during World War II, she believes rightfully belongs to her family. She did so not just to regain what was rightfully hers, but also to obtain some measure of justice for the death, destruction, and massive art theft perpetrated by the Nazis.",7.3,62152,2015
264660,Ex Machina,Alex Garland,Domhnall Gleeson,Alicia Vikander,Oscar Isaac,Drama Sci-Fi,"Caleb, a coder at the world's largest internet company, wins a competition to spend a week at a private mountain retreat belonging to Nathan, the reclusive CEO of the company. But when Caleb arrives at the remote location he finds that he will have to participate in a strange and fascinating experiment in which he must interact with the world's first true artificial intelligence, housed in the body of a beautiful robot girl.",7.1,33,2015
228205,The Longest Ride,"George Tillman, Jr.",Britt Robertson,Scott Eastwood,Jack Huston,Drama Romance,The lives of a young couple intertwine with a much older man as he reflects back on a lost love while he's trapped in an automobile crash.,7,87307,2015
167810,Lost River,Ryan Gosling,Christina Hendricks,Saoirse Ronan,Iain De Caestecker,Fantasy Thriller Drama,"Billy, a single mother of two, is led into a macabre underworld while her teenage son, Bones, discovers a secret road leading to an underwater town. Both Billy and Bones must dive deep into the mystery if their family is to survive.",5.7,18931,2015
332286,1915,Garin Hovannisian,Simon Abkarian,Angela Sarafyan,Nikolai Kinski,History Drama,"Exactly 100 years after the Armenian Genocide, a theatre director stages a play to bring the ghosts of the past back to life.",3.6,5032,2015
259958,Alex of Venice,Chris Messina,Mary Elizabeth Winstead,Don Johnson,Derek Luke,Drama,"After her stay-at-home husband leaves her, a workaholic lawyer finds that she is not completely up to the tasks of caring for her young son, ailing father and household all by herself.",5.8,3358,2015
284289,Beyond the Reach,Jean-Baptiste Lamarck,Michael Douglas,Jeremy Irvine,Hanna Mangan-Lawrence,Thriller,A high-rolling corporate shark and his impoverished young guide play the most dangerous game during a hunting trip in the Mojave Desert.,5.6,10940,2015
181283,Child 44,Daniel Espinosa,Tom Hardy,Gary Oldman,Noomi Rapace,Crime Thriller,"Set in Stalin-era Soviet Union, a disgraced MGB agent is dispatched to investigate a series of child murders -- a case that begins to connect with the very top of party leadership.",6.4,74728,2015
295592,Monkey Kingdom,Mark Linfield,Alastair Fothergill,Maya,Kip,Documentary,"A newborn monkey and its mother struggle to survive within the competitive social hierarchy of the Temple Troop, a dynamic group of monkeys who live in ancient ruins found deep in the storied jungles of South Asia.",7.2,4122,2015
256961,Paul Blart: Mall Cop 2,Andy Fickman,Kevin James,Raini Rodriguez,Neal McDonough,Action Comedy Family,"Security guard Paul Blart is headed to Las Vegas to attend a Security Guard Expo with his teenage daughter Maya before she departs for college. While at the convention, he inadvertently discovers a heist - and it's up to Blart to apprehend the criminals.",4.4,40167,2015
228108,The Road Within,Gren Wells,Robert Sheehan,Dev Patel,Zoe Kravitz,Comedy Drama,A young man with Tourette's Syndrome embarks on a road trip with his recently-deceased mother's ashes.,7,16049,2015
245706,True Story,Rupert Goold,Jonah Hill,James Franco,Felicity Jones,Crime Drama History,"A drama centered around the relationship between journalist Michael Finkel and Christian Longo, an FBI Most Wanted List murderer who for years lived outside the U.S. under Finkel's name.",6.3,71708,2015
277685,Unfriended,Levan Gabriadze,Shelley Hennig,Moses Storm,Renee Olstead,Horror Mystery Thriller,"While video chatting one night, six high school friends receive a Skype message from a classmate who killed herself exactly one year ago. At first they think it's a prank, but when the girl starts revealing the friends' darkest secrets, they realize they are dealing with something out of this world, something that wants them dead.",4.6,21,2015
287587,Adult Beginners,Ross Katz,Rose Byrne,Nick Kroll,Bobby Cannavale,Comedy Drama,"A young, hipster entrepreneur crashes and burns on the eve of his companyÃƒÂ¢Ã‚Â€Ã‚Â™s big launch. With his entire life in disarray, he leaves Manhattan to move in with his estranged pregnant sister, brother-in-law and three year-old nephew in the suburbs ÃƒÂ¢Ã‚Â€Ã‚Â” only to become their manny.  Faced with real responsibility, he may finally have to grow up ÃƒÂ¢Ã‚Â€Ã‚Â” but not without some bad behavior first.",5.6,8731,2015
536396,Blackbird,Patrik-Ian Polk,Mo'Nique,Isaiah Washington,Julian Walker,Drama,"A terminally ill mother invites her family to their country house for one final gathering, but tensions quickly boil over between her two daughters.",3,6,2015
295886,Brotherly Love,Jamal Hill,Keke Palmer,Cory Hardrict,Quincy Brown,Drama,West Philadelphia basketball star Sergio Taylor deals with the pressures of fame while his brother and sister have their own issues with ambition.,6.6,2080,2015
258099,Just Before I Go,Courteney Cox,Seann William Scott,Olivia Thirlby,Garret Dillahunt,Comedy Drama Romance,"Ted Morgan has been treading water for most of his life. After his wife leaves him, Ted realizes he has nothing left to live for.  Summoning the courage for one last act, Ted decides to go home and face the people he feels are responsible for creating the shell of a person he has become.  But life is tricky.  The more determined Ted is to confront his demons, to get closure, and to withdraw from his family, the more Ted is yanked into the chaos of their lives. So, when Ted Morgan decides to kill himself, he finds a reason to live.",6.3,19335,2015
256962,Little Boy,Alejandro Gomez Monteverde,Jakob Salvati,Emily Watson,Cary-Hiroyuki Tagawa,Comedy Drama War,An eight-year-old boy is willing to do whatever it takes to end World War II so he can bring his father home. The story reveals the indescribable love a father has for his little boy and the love a son has for his father.,7.3,24023,2015
293863,The Age of Adaline,Lee Toland Krieger,Blake Lively,Michiel Huisman,Kathy Baker,Romance Fantasy Drama,"After 29-year-old Adaline recovers from a nearly lethal accident, she inexplicably stops growing older. As the years stretch on and on, Adaline keeps her secret to herself  until she meets a man who changes her life.",7.2,197068,2015
256917,The Water Diviner,Russell Crowe,Russell Crowe,Olga Kurylenko,Jai Courtney,War Drama,"In 1919, Australian farmer Joshua Connor travels to Turkey to discover the fate of his three sons, reported missing in action. Holding on to hope, Joshua must travel across the war-torn landscape to find the truth and his own peace.",7,77431,2015
99861,Avengers: Age of Ultron,Joss Whedon,Robert Downey Jr.,Chris Hemsworth,Mark Ruffalo,Action Adventure Sci-Fi,"When Tony Stark tries to jumpstart a dormant peacekeeping program, things go awry and EarthÃƒÂ¢Ã‚Â€Ã‚Â™s Mightiest Heroes are put to the ultimate test as the fate of the planet hangs in the balance. As the villainous Ultron emerges, it is up to The Avengers to stop him from enacting his terrible plans, and soon uneasy alliances and unexpected action pave the way for an epic and unique global adventure.",7.3,906044,2015
3469,Far from the Madding Crowd,Thomas Vinterberg,Carey Mulligan,Matthias Schoenaerts,Michael Sheen,Drama Romance History,"Bathsheba Everdine, a willful, flirtatious, young woman, unexpectedly inherits a large farm and becomes romantically involved with three widely divergent men.",7.1,52680,2015
308638,The D Train,Jarrad Paul,Jack Black,James Marsden,Kathryn Hahn,Drama Comedy,"With his 20th reunion looming, Dan canÃƒÂ¢Ã‚Â€Ã‚Â™t shake his high school insecurities. In a misguided mission to prove heÃƒÂ¢Ã‚Â€Ã‚Â™s changed, Dan rekindles a friendship with the popular guy from his class and is left scrambling to protect more than just his reputation when a wild night takes an unexpected turn.",5.1,11361,2015
268920,Hot Pursuit,Anne Fletcher,Reese Witherspoon,Sofia Vergara,John Carroll Lynch,Action Comedy Crime,An uptight by-the-book cop must protect the widow of a drug boss from crooked cops and gunmen.,5.1,53485,2015
287424,Maggie,Henry Hobson,Arnold Schwarzenegger,Abigail Breslin,Joely Richardson,Horror Drama Mystery,"There's a deadly zombie epidemic threatening humanity, but Wade, a small-town farmer and family man, refuses to accept defeat even when his daughter Maggie becomes infected. As Maggie's condition worsens and the authorities seek to eradicate those with the virus, Wade is pushed to the limits in an effort to protect her. Joely Richardson co-stars in this post-apocalyptic thriller.",5.6,46078,2015
76341,Mad Max: Fury Road,George Miller,Tom Hardy,Charlize Theron,Nicholas Hoult,Action Adventure Sci-Fi,"An apocalyptic story set in the furthest reaches of our planet, in a stark desert landscape where humanity is broken, and most everyone is crazed fighting for the necessities of life. Within this world exist two rebels on the run who just might be able to restore order.",8.1,1059227,2015
254470,Pitch Perfect 2,Elizabeth Banks,Anna Kendrick,Rebel Wilson,Hailee Steinfeld,Comedy Music,"The Bellas are back, and they are better than ever. After being humiliated in front of none other than the President of the United States of America, the Bellas are taken out of the Aca-Circuit. In order to clear their name, and regain their status, the Bellas take on a seemingly impossible task: winning an international competition no American team has ever won. In order to accomplish this monumental task, they need to strengthen the bonds of friendship and sisterhood and blow away the competition with their amazing aca-magic! With all new friends and old rivals tagging along for the trip, the Bellas can hopefully accomplish their dreams.",6.4,167844,2015
310121,I'll See You in My Dreams,Brett Haley,Blythe Danner,Martin Starr,June Squibb,Drama Comedy,"A sudden loss disrupts CarolÃƒÂ¢Ã‚Â€Ã‚Â™s orderly life, propelling her into the dating world for the first time in 20 years. Finally living in the present tense, she finds herself swept up in not one, but two unexpected relationships that challenge her assumptions about what it means to grow old.",6.7,7844,2015
243688,Poltergeist,Gil Kenan,Sam Rockwell,Rosemarie DeWitt,Jared Harris,Horror,"A family's suburban home is invaded by angry spirits. When the terrifying apparitions escalate their attacks and take the youngest daughter, the family must come together to rescue her.",4.9,60561,2015
158852,Tomorrowland,Brad Bird,George Clooney,Hugh Laurie,Britt Robertson,Adventure Family Mystery Sci-Fi,"Bound by a shared destiny, a bright, optimistic teen bursting with scientific curiosity and a former boy-genius inventor jaded by disillusionment embark on a danger-filled mission to unearth the secrets of an enigmatic place somewhere in time and space that exists in their collective memory as ""Tomorrowland.""",6.4,188635,2015
222936,Aloha,Cameron Crowe,Bradley Cooper,Emma Stone,Rachel McAdams,Drama Comedy Romance,A celebrated military contractor returns to the site of his greatest career triumphs and re-connects with a long-ago love while unexpectedly falling for the hard-charging Air Force watchdog assigned to him.,5.4,70059,2015
254128,San Andreas,Brad Peyton,Dwayne Johnson,Carla Gugino,Alexandra Daddario,Action Drama Thriller,"In the aftermath of a massive earthquake in California, a rescue-chopper pilot makes a dangerous journey across the state in order to rescue his estranged daughter.",6.1,252032,2015
248574,Barely Lethal,Kyle Newman,Hailee Steinfeld,Thomas Mann,Sophie Turner,Adventure Comedy Action Romance,"A 16-year-old international assassin yearning for a ""normal"" adolescence fakes her own death and enrolls as a senior in a suburban high school. She quickly learns that being popular can be more painful than getting water-boarded.",5.4,23015,2015
285024,Heaven Knows What,Safdie brothers,Arielle Holmes,Caleb Landry Jones,Buddy Duress,Drama Crime,"A young heroin addict roams the streets of New York to panhandle and get her next fix, while her unstable boyfriend drifts in and out of her life at random.",6.8,8957,2015
188222,Entourage,Doug Ellin,Kevin Connolly,Adrian Grenier,Kevin Dillon,Comedy,"Movie star Vincent Chase, together with his boys, Eric, Turtle and Johnny, are backÃƒÂ¢Ã‚Â€Ã‚Â¦and back in business with super agent-turned-studio head Ari Gold. Some of their ambitions have changed, but the bond between them remains strong as they navigate the capricious and often cutthroat world of Hollywood.",6.5,82387,2015
238713,Spy,Paul Feig,Melissa McCarthy,Jason Statham,Rose Byrne,Action Comedy Crime,"A desk-bound CIA analyst volunteers to go undercover to infiltrate the world of a deadly arms dealer, and prevent diabolical global disaster.",7,255224,2015
280092,Insidious: Chapter 3,Leigh Whannell,Dermot Mulroney,Stefanie Scott,Angus Sampson,Horror Thriller Mystery,"A twisted new tale of terror begins for a teenage girl and her family, and revealing more mysteries of the otherworldly realm, 'The Further'.",6.1,115822,2015
1081676,Love & Mercy,Bill Pohlad,John Cusack,Paul Dano,Elizabeth Banks,Drama Romance,A once-respected surgeon who's lost his family and his memory gets a chance at redemption when he reconnects with someone from his forgotten past.,6.1,64784,2015
135397,Jurassic World,Colin Trevorrow,Chris Pratt,Bryce Dallas Howard,Vincent D'Onofrio,Action Adventure Sci-Fi Thriller,"Twenty-two years after the events of Jurassic Park, Isla Nublar now features a fully functioning dinosaur theme park, Jurassic World, as originally envisioned by John Hammond.",6.9,669893,2015
308369,Me and Earl and the Dying Girl,Alfonso Gomez-Rejon,Thomas Mann,Olivia Cooke,RJ Cyler,Drama Comedy,"Greg is coasting through senior year of high school as anonymously as possible, avoiding social interactions like the plague while secretly making spirited, bizarre films with Earl, his only friend. But both his anonymity and friendship threaten to unravel when his mother forces him to befriend a classmate with leukemia.",7.7,136733,2015
308639,Dope,Rick Famuyiwa,Shameik Moore,Tony Revolori,Kiersey Clemons,Crime Drama Comedy,"Malcolm is carefully surviving life in a tough neighborhood in Los Angeles while juggling college applications, academic interviews, and the SAT. A chance invitation to an underground party leads him into an adventure that could allow him to go from being a geek, to being dope, to ultimately being himself.",7.2,88614,2015
150540,Inside Out,Pete Docter,Amy Poehler,Phyllis Smith,Richard Kind,Animation Family Adventure Drama Comedy,"Growing up can be a bumpy road, and it's no exception for Riley, who is uprooted from her Midwest life when her father starts a new job in San Francisco. Riley's guiding emotionsÃƒÂ¢Ã‚Â€Ã‚Â” Joy, Fear, Anger, Disgust and SadnessÃƒÂ¢Ã‚Â€Ã‚Â”live in Headquarters, the control centre inside Riley's mind, where they help advise her through everyday life and tries to keep things positive, but the emotions conflict on how best to navigate a new city, house and school.",8.1,764785,2015
272878,Max,Boaz Yakin,Josh Wiggins,Lauren Graham,Thomas Haden Church,Adventure Drama Family,A dog that helped soldiers in Afghanistan returns to the U.S. and is adopted by his handler's family after suffering a traumatic experience.,6.6,27904,2015
214756,Ted 2,Seth MacFarlane,Mark Wahlberg,Seth MacFarlane,Amanda Seyfried,Comedy Fantasy,"Newlywed couple Ted and Tami-Lynn want to have a baby, but in order to qualify to be a parent, Ted will have to prove he's a person in a court of law.",6.3,225607,2015
87101,Terminator Genisys,Alan Taylor,Arnold Schwarzenegger,Jason Clarke,Emilia Clarke,Sci-Fi Action Thriller Adventure,"The year is 2029. John Connor, leader of the resistance continues the war against the machines. At the Los Angeles offensive, John's fears of the unknown future begin to emerge when TECOM spies reveal a new plot by SkyNet that will attack him from both fronts; past and future, and will ultimately change warfare forever.",6.3,289505,2015
264999,Magic Mike XXL,Gregory Jacobs,Channing Tatum,Matt Bomer,Joe Manganiello,Comedy Drama,"Three years after Mike bowed out of the stripper life at the top of his game, he and the remaining Kings of Tampa hit the road to Myrtle Beach to put on one last blow-out performance.",5.6,60629,2015
331781,Amy,Asif Kapadia,Amy Winehouse,Mitch Winehouse,Mark Ronson,Documentary Music,"A documentary on the life of Amy Winehouse, the immensely talented yet doomed songstress. We see her from her teen years, where she already showed her singing abilities, to her finding success and then her downward spiral into alcoholism and drugs.",7.8,54199,2015
211672,Minions,Kyle Balda,Pierre Coffin,Sandra Bullock,Jon Hamm,Family Animation Adventure Comedy,"Minions Stuart, Kevin and Bob are recruited by Scarlet Overkill, a super-villain who, alongside her inventor husband Herb, hatches a plot to take over the world.",6.4,253835,2015
299245,The Gallows,Chris Lofing,Reese Mishler,Pfeifer Brown,Ryan Shoos,Horror Thriller,"20 years after a horrific accident during a small town school play, students at the school resurrect the failed show in a misguided attempt to honor the anniversary of the tragedy - but soon discover that some things are better left alone.",4.2,21354,2015
238615,Self/Less,Tarsem Singh,Ryan Reynolds,Natalie Martinez,Matthew Goode,Sci-Fi Mystery Thriller Action,An extremely wealthy elderly man dying from cancer undergoes a radical medical procedure that transfers his consciousness to the body of a healthy young man but everything may not be as good as it seems when he starts to uncover the mystery of the body's origins and the secret organization that will kill to keep its secrets.,6.5,102914,2015
308084,Tangerine,Sean Baker,Kitana Kiki Rodriguez,Mya Taylor,Karren Karagulian,Comedy Drama,"It's Christmas Eve in Tinseltown and Sin-Dee is back on the block. Upon hearing that her pimp boyfriend hasn't been faithful during the 28 days she was locked up, the working girl and her best friend, Alexandra, embark on a mission to get to the bottom of the scandalous rumor. Their rip-roaring odyssey leads them through various subcultures of Los Angeles, including an Armenian family dealing with their own repercussions of infidelity.",7.1,34817,2015
259963,Boulevard,Dito Montiel,Robin Williams,Kathy Baker,Roberto Aguire,Drama,"Nolan Mack, a soft-spoken bank employee, undoubtedly loves his wife Joy, though their cavernous empty house only underscores how disconnected theyÃƒÂ¢Ã‚Â€Ã‚Â™ve always been from each other. Nolan finds himself drifting from his familiar present-day life in pursuit of lost time after meeting a troubled young man named Leo on his drive home. What begins as an aimless drive down an unfamiliar street turns into a life-altering series of events.",5.8,8891,2015
245846,Strangerland,Kim Farrant,Nicole Kidman,Joseph Fiennes,Hugo Weaving,Drama Thriller Mystery,"Newly arrived to a remote desert town, Catherine and Matthew are tormented by a suspicion when their two teenage children mysteriously vanish.",5.2,9909,2015
102899,Ant-Man,Peyton Reed,Paul Rudd,Evangeline Lilly,Corey Stoll,Sci-Fi Action Adventure,"Armed with the astonishing ability to shrink in scale but increase in strength, master thief Scott Lang must embrace his inner-hero and help his mentor, Doctor Hank Pym, protect the secret behind his spectacular Ant-Man suit from a new generation of towering threats. Against seemingly insurmountable obstacles, Pym and Lang must plan and pull off a heist that will save the world.",7.3,709484,2015
271718,Trainwreck,Judd Apatow,Amy Schumer,Bill Hader,Brie Larson,Comedy Romance,"Having thought that monogamy was never possible, a commitment-phobic career woman may have to face her fears when she meets a good guy.",6.2,141061,2015
282984,Irrational Man,Woody Allen,Jamie Blackley,Joaquin Phoenix,Parker Posey,Drama Comedy Crime,"On a small town college campus, a philosophy professor in existential crisis gives his life new purpose when he enters into a relationship with his student.",6.6,66024,2015
280996,Mr. Holmes,Bill Condon,Ian McKellen,Laura Linney,Hiroyuki Sanada,Drama Crime,"In 1947, long-retired and near the end of his life, Sherlock Holmes grapples with an unreliable memory and must rely on his housekeeper's son as he revisits the still-unsolved case that led to his retirement.",6.8,66705,2015
257344,Pixels,Chris Columbus,Adam Sandler,Kevin James,Michelle Monaghan,Action Comedy Sci-Fi,Video game experts are recruited by the military to fight 1980s-era video game characters who've attacked New York.,5.6,155516,2015
307081,Southpaw,Antoine Fuqua,Jake Gyllenhaal,Forest Whitaker,Naomie Harris,Action Drama,"Billy ""The Great"" Hope, the reigning junior middleweight boxing champion, has an impressive career, a loving wife and daughter, and a lavish lifestyle. However, when tragedy strikes, Billy hits rock bottom, losing his family, his house and his manager. He soon finds an unlikely savior in Tick Willis, a former fighter who trains the city's toughest amateur boxers. With his future on the line, Hope fights to reclaim the trust of those he loves the most.",7.3,252496,2015
286565,Paper Towns,Jake Schreier,Nat Wolff,Cara Delevingne,Halston Sage,Mystery Drama Romance,"Quentin Jacobsen has spent a lifetime loving the magnificently adventurous Margo Roth Spiegelman from afar. So when she cracks open a window and climbs back into his life-dressed like a ninja and summoning him for an ingenious campaign of revenge-he follows. After their all-nighter ends and a new day breaks, Q arrives at school to discover that Margo, always an enigma, has now become a mystery. But Q soon learns that there are clues-and they're for him. Urged down a disconnected path, the closer he gets, the less Q sees of the girl he thought he knew.",6.2,106845,2015
157544,The Vatican Tapes,Mark Neveldine,Olivia Taylor Dudley,Michael PeÃƒÂƒÃ‚Â±a,Dougray Scott,Thriller Horror,"In a highly secured vault deep within the walls of Vatican City, the Catholic Church holds thousands of old films and video footage documenting exorcisms/supposed exorcisms and other unexplained religious phenomena they feel the world is not ready to see. This is the first tape - Case 83-G - stolen from these archives and exposed to the public by an anonymous source.",4.7,19000,2015
296099,Vacation,Jonathan Goldstein,Ed Helms,Christina Applegate,Leslie Mann,Comedy,"Hoping to bring his family closer together and to recreate his childhood vacation for his own kids, a grown up Rusty Griswold takes his wife and their two sons on a cross-country road trip to the coolest theme park in America, Walley World. Needless to say, things don't go quite as planned.",6.1,119763,2015
177677,Mission Impossible: Rogue Nation,Christopher McQuarrie,Tom Cruise,Jeremy Renner,Simon Pegg,Action Adventure,"Ethan and team take on their most impossible mission yetÃƒÂ¢Ã‚Â€Ã‚Â”eradicating 'The Syndicate', an International and highly-skilled rogue organization committed to destroying the IMF.",7.4,402820,2015
263109,Shaun the Sheep Movie,Mark Burton,Justin Fletcher,John Sparkes,Omid Djalili,Family Animation Comedy Adventure,"When Shaun decides to take the day off and have some fun, he gets a little more action than he bargained for. A mix up with the Farmer, a caravan and a very steep hill lead them all to the Big City and it's up to Shaun and the flock to return everyone safely to the green grass of home.",7.3,42619,2015
166424,Fantastic Four,Josh Trank,Miles Teller,Michael B. Jordan,Kate Mara,Action Adventure Sci-Fi,"Four young outsiders teleport to a dangerous universe, which alters their physical form in shocking ways. Their lives irrevocably upended, the team must learn to harness their daunting new abilities and work together to save Earth from a former friend turned enemy.",4.3,174202,2015
328425,The Gift,Joel Edgerton,Jason Bateman,Rebecca Hall,Joel Edgerton,Thriller Mystery Drama,Simon and Robyn are a young married couple whose life is going as planned until a chance run-in with Simon's high school acquaintance sends their world into a tailspin.,7,167865,2015
275601,Ricki and the Flash,Jonathan Demme,Meryl Streep,Kevin Kline,Mamie Gummer,Comedy Drama Music,"Meryl Streep stars as Ricki Rendazzo, a guitar heroine who made a world of mistakes as she followed her dreams of rock-and-roll stardom. Returning home, Ricki gets a shot at redemption and a chance to make things right as she faces the music with her family.",6,24515,2015
277216,Straight Outta Compton,F. Gary Gray,O'Shea Jackson Jr.,Corey Hawkins,Jason Mitchell,Drama Music History,"In 1987, five young men, using brutally honest rhymes and hardcore beats, put their frustration and anger about life in the most dangerous place in America into the most powerful weapon they had: their music.  Taking us back to where it all began, Straight Outta Compton tells the true story of how these cultural rebelsÃƒÂ¢Ã‚Â€Ã‚Â”armed only with their lyrics, swagger, bravado and raw talentÃƒÂ¢Ã‚Â€Ã‚Â”stood up to the authorities that meant to keep them down and formed the worldÃƒÂ¢Ã‚Â€Ã‚Â™s most dangerous group, N.W.A.  And as they spoke the truth that no one had before and exposed life in the hood, their voice ignited a social revolution that is still reverberating today.",7.8,214198,2015
203801,The Man from U.N.C.L.E.,Guy Ritchie,Henry Cavill,Armie Hammer,Alicia Vikander,Comedy Action Adventure,"At the height of the Cold War, a mysterious criminal organization plans to use nuclear weapons and technology to upset the fragile balance of power between the United States and Soviet Union. CIA agent Napoleon Solo and KGB agent Illya Kuryakin are forced to put aside their hostilities and work together to stop the evildoers in their tracks. The duo's only lead is the daughter of a missing German scientist, whom they must find soon to prevent a global catastrophe.",7.2,326789,2015
261392,American Ultra,Nima Nourizadeh,Jesse Eisenberg,Kristen Stewart,Connie Britton,Comedy Action,"Mike is an unmotivated stoner whose small-town life with his live-in girlfriend, Phoebe, is suddenly turned upside down.  Unbeknownst to him, Mike is actually a highly trained, lethal sleeper agent. In the blink of an eye, as his secret past comes back to haunt him, Mike is thrust into the middle of a deadly government operation and is forced to summon his inner action-hero in order to survive.",6.1,94985,2015
249070,Hitman: Agent 47,Aleksander Bach,Rupert Friend,Hannah Ware,Zachary Quinto,Action Crime Thriller,An assassin teams up with a woman to help her find her father and uncover the mysteries of her ancestry.,5.7,94412,2015
245906,She's Funny That Way,Peter Bogdanovich,Owen Wilson,Imogen Poots,Kathryn Hahn,Comedy Romance,"On the set of a playwright's new project, a love triangle forms between his wife, her ex-lover, and the call girl-turned-actress cast in the production.",6.1,28393,2015
10447,No Escape,John Erick Dowdle,Owen Wilson,Lake Bell,Sterling Jerins,Action Drama Sci-Fi Thriller,"In the year 2022, a ruthless prison warden has created the ultimate solution for his most troublesome and violent inmates: Absolom, a secret jungle island where prisoners are abandoned and left to die. But Marine Captain John Robbins, convicted of murdering a commanding officer, is determined to escape the island in order to reveal the truth behind his murderous actions and clear his name.",6.7,91323,2015
323272,War Room,Alex Kendrick,Alex Kendrick,Priscilla Shirer,T.C. Stallings,Drama Romance,"The family-friendly movie explores the transformational role prayer plays in the lives of the Jordan family. Tony and Elizabeth Jordan, a middle-class couple who seemingly have it all ÃƒÂ¢Ã‚Â€Ã‚Â“ great jobs, a beautiful daughter, their dream home. But appearances can be deceiving. In reality, the JordanÃƒÂ¢Ã‚Â€Ã‚Â™s marriage has become a war zone and their daughter is collateral damage. With the help of Miss Clara, an older, wiser woman, Elizabeth discovers she can start fighting for her family instead of against them. Through a newly energized faith, Elizabeth and TonyÃƒÂ¢Ã‚Â€Ã‚Â™s real enemy doesnÃƒÂ¢Ã‚Â€Ã‚Â™t have a prayer.",6.4,15770,2015
301351,We Are Your Friends,Max Joseph,Zac Efron,Emily Ratajkowski,Alex Shaffer,Drama Music Romance Comedy,"Young Cole Carter dreams of hitting the big time as a Hollywood disc jockey, spending his days and nights hanging with buddies and working on the one track that will set the world on fire. Opportunity comes knocking when he meets James Reed, a charismatic DJ who takes the 23-year-old under his wing. Soon, his seemingly clear path to success gets complicated when he starts falling for his mentor's girlfriend, jeopardizing his new friendship and the future he seems destined to fulfill.",6.2,40093,2015
283350,Before We Go,Chris Evans,Chris Evans,Alice Eve,Socott Evans,Comedy Drama Romance,A woman who is robbed on her way to catch the 1:30 train to Boston is left stranded in New York City. She meets a man who helps her during the course of the night and the two form a romance.,6.8,62608,2015
298312,The Visit,M. Night Shyamalan,Olivia DeJonge,Ed Oxenbould,Deanna Dunagan,Horror Mystery Thriller,"A brother and sister are sent to their grandparents' remote Pennsylvania farm for a week, where they discover that the elderly couple is involved in something deeply disturbing.",6.2,146600,2015
304372,The Perfect Guy,David M. Rosenthal,Sanaa Lathan,Michael Ealy,Morris Chestnut,Thriller,"After a painful breakup, Leah seems to meet the perfect guy. But she soon discovers someone mysteriously lurking around her surroundings.",5.6,11142,2015
288036,Sleeping with Other People,Leslye Headland,Jason Sudeikis,Alison Brie,Adam Scott,Comedy Romance,"Can two serial cheaters get a second chance at love? After a one-night stand in college, New Yorkers Lainey and Jake meet by chance twelve years later and discover they each have the same problem: because of their monogamy-challenged ways, neither can maintain a relationship. Determined to stay friends despite their mutual attraction, they make a pact to keep it platonic, a deal that proves easier said than done.",6.5,46734,2015
261023,Black Mass,Scott Cooper,Johnny Depp,Joel Edgerton,Benedict Cumberbatch,Drama Crime History,"The true story of Whitey Bulger, the brother of a state senator and the most infamous violent criminal in the history of South Boston, who became an FBI informant to take down a Mafia family invading his turf.",6.9,189480,2015
331190,Captive,Jerry Jameson,David Oyelowo,Kate Mara,Michael K. Williams,Crime Drama Thriller,"Based on a miraculous true story that drew the attention of the entire nation, is the dramatic, thrilling, and spiritual journey of Ashley Smith and Brian Nichols.  After being taken hostage by Brian in her own apartment, Ashley turns to Rick WarrenÃƒÂ¢Ã‚Â€Ã‚Â™s inspirational book, The Purpose Driven Life, for guidance.  In reading from the book, Ashley not only finds purpose in her own life, but helps Brian find a more peaceful resolution to a harrowing situation.",5.4,7177,2015
253412,Everest,Baltasar Kormakur,Jason Clarke,Josh Brolin,John Hawkes,Adventure Drama History,"Inspired by the incredible events surrounding a treacherous attempt to reach the summit of the world's highest mountain, ""Everest"" documents the awe-inspiring journey of two different expeditions challenged beyond their limits by one of the fiercest snowstorms ever encountered by mankind. Their mettle tested by the harshest of elements found on the planet, the climbers will face nearly impossible obstacles as a lifelong obsession becomes a breathtaking struggle for survival.",7.1,227631,2015
294254,Maze Runner: The Scorch Trials,Wes Ball,Dylan O'Brien,Ki Hong Lee,Thomas Sangster,Sci-Fi Action Thriller Adventure,"Thomas and his fellow Gladers face their greatest challenge yet: searching for clues about the mysterious and powerful organization known as WCKD. Their journey takes them to the Scorch, a desolate landscape filled with unimaginable obstacles. Teaming up with resistance fighters, the Gladers take on WCKDÃƒÂ¢Ã‚Â€Ã‚Â™s vastly superior forces and uncover its shocking plans for them all.",6.3,268984,2015
273481,Sicario,Denis Villeneuve,Emily Blunt,Benicio del Toro,Josh Brolin,Action Crime Thriller,An idealistic FBI agent is enlisted by a government task force to aid in the escalating war against drugs at the border area between the U.S. and Mexico.,7.7,460460,2015
348811,War Pigs,Ryan Little,Luke Goss,Dolph Lundgren,Chuck Liddell,War Action,A rag tag unit of misfits known as the War Pigs must go behind enemy lines to exterminate Nazis by any means necessary.,4.3,3598,2015
159824,Hotel Transylvania 2,Genndy Tartakovsky,Adam Sandler,Andy Samberg,Selena Gomez,Animation Comedy Family Fantasy,"When the old-old-old-fashioned vampire Vlad arrives at the hotel for an impromptu family get-together, Hotel Transylvania is in for a collision of supernatural old-school and modern day cool.",6.6,138673,2015
283235,99 Homes,Ramin Bahrani,Andrew Garfield,Michael Shannon,Tim Guinee,Drama,"After his family is evicted from their home, proud and desperate construction worker Dennis Nash tries to win his home back by striking a deal with the devil and working for Rick Carver, the corrupt real estate broker who evicted him.",7.1,36933,2015
257211,The Intern,Nancy Meyers,Robert De Niro,Anne Hathaway,Rene Russo,Comedy,"70-year-old widower Ben Whittaker has discovered that retirement isn't all it's cracked up to be. Seizing an opportunity to get back in the game, he becomes a senior intern at an online fashion site, founded and run by Jules Ostin.",7.1,268557,2015
273899,Stonewall,Roland Emmerich,Jeremy Irvine,Jonny Beauchamp,Joey King,Drama History,"Kicked out by his parents, a gay teenager leaves small-town Indiana for New York's Greenwich Village, where growing discrimination against the gay community leads to riots on June 28, 1969.",5.3,4376,2015
309242,Mississippi Grind,Anna Boden,Ryan Reynolds,Ben Mendelsohn,Sienna Miller,Comedy Drama,"Gerry is a talented but down-on-his-luck gambler whose fortunes begin to change when he meets Curtis, a younger, highly charismatic poker player.  The two strike up an immediate friendship and Gerry quickly persuades his new friend to accompany him on a road trip to a legendary high stakes poker game in New Orleans. As they make their way down the Mississippi River, Gerry and Curtis manage to find themselves in just about every bar, racetrack, casino, and pool hall they can find, experiencing both incredible highs and dispiriting lows, but ultimately forging a deep and genuine bond that will stay with them long after their adventure is over.",6.4,25601,2015
285783,The Walk,Robert Zemeckis,Joseph Gordon-Levitt,Ben Kingsley,Charlotte Le Bon,Drama Crime Comedy Thriller,The story of French high-wire artist Philippe Petit's attempt to cross the Twin Towers of the World Trade Center in 1974.,7.3,133768,2015
286217,The Martian,Ridley Scott,Matt Damon,Jessica Chastain,Kristen Wiig,Drama Adventure Sci-Fi,"During a manned mission to Mars, Astronaut Mark Watney is presumed dead after a fierce storm and left behind by his crew. But Watney has survived and finds himself stranded and alone on the hostile planet. With only meager supplies, he must draw upon his ingenuity, wit and spirit to subsist and find a way to signal to Earth that he is alive.",8,903425,2015
306745,Freeheld,Peter Sollett,Julianne Moore,Elliot Page,Michael Shannon,Romance Drama,New Jersey car mechanic Stacie Andree and her police detective girlfriend Laurel Hester both battle to secure Hester's pension benefits after she was diagnosed with a terminal illness.,6.6,13095,2015
321697,Steve Jobs,Danny Boyle,Michael Fassbender,Kate Winslet,Seth Rogen,Drama History,"Set backstage at three iconic product launches and ending in 1998 with the unveiling of the iMac, Steve Jobs takes us behind the scenes of the digital revolution to paint an intimate portrait of the brilliant man at its epicenter.",7.2,176529,2015
266647,Pan,Joe Wright,Hugh Jackman,Garrett Hedlund,Rooney Mara,Fantasy Adventure Family Action,"Living a bleak existence at a London orphanage, 12-year-old Peter finds himself whisked away to the fantastical world of Neverland. Adventure awaits as he meets new friend James Hook and the warrior Tiger Lily. They must band together to save Neverland from the ruthless pirate Blackbeard. Along the way, the rebellious and mischievous boy discovers his true destiny, becoming the hero forever known as Peter Pan.",5.7,66624,2015
263472,Knock Knock,Eli Roth,Keanu Reeves,Ana de Armas,Lorenza Izzo,Thriller Horror,"When a devoted husband and father is left home alone for the weekend, two stranded young women unexpectedly knock on his door for help. What starts out as a kind gesture results in a dangerous seduction and a deadly game of cat and mouse.",4.9,102009,2015
283587,Beasts of No Nation,Cary Joji Fukunaga,Idris Elba,Kurt Egyiawan,Jude Akuwudike,Drama War,"Based on the experiences of Agu, a child fighting in the civil war of an unnamed, fictional West African country. Follows Agu's journey as he's forced to join a group of soldiers. While he fears his commander and many of the men around him, his fledgling childhood has been brutally shattered by the war raging through his country, and he is at first torn between conflicting revulsion and fascination.",7.7,85647,2015
296098,Bridge of Spies,Steven Spielberg,Tom Hanks,Mark Rylance,Amy Ryan,Thriller Drama,"During the Cold War, the Soviet Union captures U.S. pilot Francis Gary Powers after shooting down his U-2 spy plane. Sentenced to 10 years in prison, Powers' only hope is New York lawyer James Donovan, recruited by a CIA operative to negotiate his release. Donovan boards a plane to Berlin, hoping to win the young man's freedom through a prisoner exchange. If all goes well, the Russians would get Rudolf Abel, the convicted spy who Donovan defended in court.",7.6,324018,2015
201085,Crimson Peak,Guillermo del Toro,Mia Wasikowska,Jessica Chastain,Tom Hiddleston,Horror Romance,"In the aftermath of a family tragedy, an aspiring author is torn between love for her childhood friend and the temptation of a mysterious outsider. Trying to escape the ghosts of her past, she is swept away to a house that breathes, bleedsÃƒÂ¢Ã‚Â€Ã‚Â¦ and remembers.",6.5,155822,2015
257445,Goosebumps,Rob Letterman,Jack Black,Dylan Minnette,Odeya Rush,Adventure Horror Comedy,"After moving to a small town, Zach Cooper finds a silver lining when he meets next door neighbor Hannah, the daughter of bestselling Goosebumps series author R.L. Stine. When Zach unintentionally unleashes real monsters from their manuscripts and they begin to terrorize the town, itÃƒÂ¢Ã‚Â€Ã‚Â™s suddenly up to Stine, Zach and Hannah to get all of them back in the books where they belong.",6.3,94238,2015
264644,Room,Lenny Abrahamson,Brie Larson,Jacob Tremblay,Joan Allen,Drama Thriller,"Held captive for 7 years in an enclosed space, a woman and her young son finally gain their freedom, allowing the boy to experience the outside world for the first time.",8.1,441934,2015
333596,Woodlawn,Andrew Erwin,Sean Astin,Nic Bishop,Caleb Castille,Drama,Love and unity in a school torn by racism and hate in the 1970s. A gifted high school football player must learn to embrace his talent and his faith as he battles racial tensions on and off the field.,6.4,7707,2015
300693,Truth,James Vanderbilt,Cate Blanchett,Robert Redford,Topher Grace,Drama,"As a renowned producer and close associate of Dan Rather, Mary Mapes believes sheÃƒÂ¢Ã‚Â€Ã‚Â™s broken the biggest story of the 2004 election: revelations of a sitting U.S. PresidentÃƒÂ¢Ã‚Â€Ã‚Â™s military service. But when allegations come pouring in, sources change their stories, document authenticity is questioned, and the casualties begin to mount.",6.8,21019,2015
309299,Experimenter,Michael Almereyda,Peter Sarsgaard,Winona Ryder,Jim Gaffigan,Drama History,"Yale University, 1961. Stanley Milgram designs a psychology experiment that still resonates to this day, in which people think theyÃƒÂ¢Ã‚Â€Ã‚Â™re delivering painful electric shocks to an affable stranger strapped into a chair in another room. Despite his pleads for mercy, the majority of subjects donÃƒÂ¢Ã‚Â€Ã‚Â™t stop the experiment, administering what they think is a near-fatal electric shock, simply because theyÃƒÂ¢Ã‚Â€Ã‚Â™ve been told to do so. With Nazi Adolf EichmannÃƒÂ¢Ã‚Â€Ã‚Â™s trial airing in living rooms across America, Milgram strikes a nerve in popular culture and the scientific community with his exploration into peopleÃƒÂ¢Ã‚Â€Ã‚Â™s tendency to comply with authority. Celebrated in some circles, he is also accused of being a deceptive, manipulative monster, but his wife Sasha stands by him through it all.",6.6,19438,2015
253414,Rock the Kasbah,Barry Levinson,Bill Murray,Kate Hudson,Zooey Deschanel,Comedy Music War,"A washed-up music producer finds one last shot at redemption with a golden-voiced young girl in Afghanistan. However, when jealousy gets the better of a disgruntled ex-boyfriend, he decides to oppose the young star with talent of his own.",5.5,12597,2015
146301,Paranormal Activity: The Ghost Dimension,Gregory Plotkin,Chris J. Murray,Brittany Shaw,Dan Gill,Horror Thriller,"Using a special camera that can see spirits, a family must protect their daughter from an evil entity with a sinister plan.",4.6,30176,2015
266639,Jem and the Holograms,Jon M. Chu,Aubrey Peeples,Stefanie Scott,Hayley Kiyoko,Fantasy Music Family,"As a small-town girl catapults from underground video sensation to global superstar, she and her three sisters begin a one-in-a-million journey of discovering that some talents are too special to keep hidden. Four aspiring musicians will take the world by storm when they see that the key to creating your own destiny lies in finding your own voice.",4.2,8230,2015
274854,The Last Witch Hunter,Breck Eisner,Vin Diesel,Elijah Wood,Rose Leslie,Fantasy Action Adventure,"The modern world holds many secrets, but by far the most astounding is that witches still live among us; vicious supernatural creatures intent on unleashing the Black Death upon the world and putting an end to the human race once and for all. Armies of witch hunters have battled this unnatural enemy for centuries, including Kaulder, a valiant warrior who many years ago slayed the all-powerful Witch Queen, decimating her followers in the process. In the moments right before her death, the Queen cursed Kaulder with immortality, forever separating him from his beloved wife and daughter. Today, Kaulder is the last living hunter who has spent his immortal life tracking down rogue witches, all the while yearning for his long-lost family.",5.9,108407,2015
245168,Suffragette,Sarah Gavron,Carey Mulligan,Helena Bonham Carter,Brendan Gleeson,Drama History,"Based on true events about the foot soldiers of the early feminist movement, women who were forced underground to pursue a dangerous game of cat and mouse with an increasingly brutal State.",6.9,44045,2015
294963,Bone Tomahawk,S. Craig Zahler,Kurt Russell,Patrick Wilson,Matthew Fox,Western Horror Drama,"During a shootout in a saloon, Sheriff Hunt injures a suspicious stranger. The doctor's assistant, wife of the local foreman, tends to him in prison. That night, the town is attacked and they both disappearÃƒÂ¢Ã‚Â€Ã‚Â”only the arrow of a cannibal tribe is found. Hunt and a few of his men go in search of the prisoner and the foreman's wife.",7.1,114004,2015
307946,I Smile Back,Adam Salky,Sarah Silverman,Josh Charles,Thomas Sadoski,Drama,"Laney is an attractive, intelligent suburban wife and devoted mother of two adorable children. She has the perfect husband who plays basketball with the kids in the driveway, a pristine house, and a shiny SUV for carting the children to their next activity. However, just beneath the faÃƒÂƒÃ‚Â§ade lie depression and disillusionment that send her careening into a secret world of reckless compulsion. Only very real danger will force her to face the painful root of her destructiveness and its crumbling effect on those she loves.",6.2,5630,2015
273477,Scouts Guide to the Zombie Apocalypse,Christopher Landon,Tye Sheridan,Logan Miller,Joey Morgan,Comedy Horror,"Three scouts and lifelong friends join forces with one badass cocktail waitress to become the worldÃƒÂ¢Ã‚Â€Ã‚Â™s most unlikely team of heroes.  When their peaceful town is ravaged by a zombie invasion, theyÃƒÂ¢Ã‚Â€Ã‚Â™ll fight for the badge of a lifetime and put their scouting skills to the test to save mankind from the undead.",6.3,53684,2015
10317,Our Brand Is Crisis,David Gordon Green,Sandra Bullock,Billy Bob Thornton,Anthony Mackie,Comedy Drama,"Based on the documentary ""Our Brand Is Crisis"", this feature focuses on the use of American political campaign strategies in South America.",6.1,23113,2015
218784,Freaks of Nature,Robbie Pickering,Nicholas Braun,Mackenzie Davis,Josh Fadem,Sci-Fi Comedy Horror,"In the town of Dillford, humans, vampires and zombies were all living in peace - until the alien apocalypse arrived. Now three teenagers-one human, one vampire, and one zombie-have to team up to figure out how to get rid of the visitors.",5.9,13137,2015
295964,Burnt,John Wells,Bradley Cooper,Sienna Miller,Omar Sy,Drama,"Adam Jones is a Chef who destroyed his career with drugs and diva behavior. He cleans up and returns to London, determined to redeem himself by spearheading a top restaurant that can gain three Michelin stars.",6.6,130053,2015
167073,Brooklyn,John Crowley,Saoirse Ronan,Emory Cohen,Domhnall Gleeson,Romance Drama,"In 1950s Ireland and New York, young Eilis Lacey has to choose between two men and two countries.",7.5,148112,2015
206647,Spectre,Sam Mendes,Daniel Craig,Christoph Waltz,LÃƒÂƒÃ‚Â©a Seydoux,Action Adventure Thriller,"A cryptic message from BondÃƒÂ¢Ã‚Â€Ã‚Â™s past sends him on a trail to uncover a sinister organization. While M battles political forces to keep the secret service alive, Bond peels back the layers of deceit to reveal the terrible truth behind SPECTRE.",6.8,459572,2015
314365,Spotlight,Tom McCarthy,Mark Ruffalo,Michael Keaton,Rachel McAdams,Drama History,"The true story of how the Boston Globe uncovered the massive scandal of child molestation and cover-up within the local Catholic Archdiocese, shaking the entire Catholic Church to its core.",8.1,493132,2015
227973,The Peanuts Movie,Steve Martino,Noah Schnapp,Hadley Belle Miller,Mariel Sheets,Comedy Animation Family,"Snoopy embarks upon his greatest mission as he and his team take to the skies to pursue their arch-nemesis, while his best pal Charlie Brown begins his own epic quest.",7,49002,2015
293646,The 33,Patricia Riggen,Antonio Banderas,Rodrigo Santoro,Juliette Binoche,Drama History,"Based on the true story of the collapse of a mine in San Jose, ChileÃƒÂ¢Ã‚Â€Ã‚Â”that left 33 miners isolated underground for 69 days.",6.9,39301,2015
334531,My All American,Angelo Pizzo,Aaron Eckhart,Finn Wittrock,Robin Tunney,Drama,"Freddie Steinmark, an underdog on the gridiron, faces the toughest challenge of his life after leading his team to a championship season.",7.1,7077,2015
333348,Love the Coopers,Jessie Nelson,John Goodman,Diane Keaton,Amanda Seyfried,Drama Comedy Family,"When four generations of the Cooper clan come together for their annual Christmas Eve celebration, a series of unexpected visitors and unlikely events turn the night upside down, leading them all toward a surprising rediscovery of family bonds and the spirit of the holiday.",5.8,25710,2015
314385,By The Sea,Angelina Jolie,Brad Pitt,Angeline Jolie,Melanie Laurent,Drama Romance,"Set in France during the mid-1970s, Vanessa, a former dancer, and her husband Roland, an American writer, travel the country together. They seem to be growing apart, but when they linger in one quiet, seaside town they begin to draw close to some of its more vibrant inhabitants, such as a local bar/cafÃƒÂƒÃ‚Â©-keeper and a hotel owner.",5.3,22280,2015
258480,Carol,Todd Haynes,Cate Blanchett,Rooney Mara,Sarah Paulson,Romance Drama,"In 1950s New York, a department-store clerk who dreams of a better life falls for an older, married woman.",7.2,139027,2015
276907,Legend,Brian Helgeland,Tom Hardy,Emily Browning,Colin Morgan,Crime Thriller,"Suave, charming and volatile, Reggie Kray and his unstable twin brother Ronnie start to leave their mark on the London underworld in the 1960s. Using violence to get what they want, the siblings orchestrate robberies and murders while running nightclubs and protection rackets. With police Detective Leonard ""Nipper"" Read hot on their heels, the brothers continue their rapid rise to power and achieve tabloid notoriety.",6.9,196763,2015
131634,The Hunger Games: Mockingjay - Part 2,Francis Lawrence,Jennifer Lawrence,Josh Hutcherson,Liam Hemsworth,Action Adventure Sci-Fi,"With the nation of Panem in a full scale war, Katniss confronts President Snow in the final showdown. Teamed with a group of her closest friends ÃƒÂ¢Ã‚Â€Ã‚Â“ including Gale, Finnick, and Peeta ÃƒÂ¢Ã‚Â€Ã‚Â“ Katniss goes off on a mission with the unit from District 13 as they risk their lives to stage an assassination attempt on President Snow who has become increasingly obsessed with destroying her. The mortal traps, enemies, and moral choices that await Katniss will challenge her more than any arena she faced in The Hunger Games.",6.5,357629,2015
296100,The Night Before,Jonathan Levine,Joseph Gordon-Levitt,Seth Rogen,Anthoney Machie,Comedy Adventure Fantasy,"In New York City for their annual tradition of Christmas Eve debauchery, three lifelong best friends set out to find the Holy Grail of Christmas parties since their yearly reunion might be coming to an end.",6.4,79614,2015
312221,Creed,Ryan Coogler,Michael B. Jordan,Sylvester Stallone,Tessa Thompson,Action Drama,"The former World Heavyweight Champion Rocky Balboa serves as a trainer and mentor to Adonis Johnson, the son of his late friend and former rival Apollo Creed.",7.6,305079,2015
105864,The Good Dinosaur,Peter Sohn,Raymond Ochoa,Jack Bright,Steve Zahn,Adventure Animation Family,An epic journey into the world of dinosaurs where an Apatosaurus named Arlo makes an unlikely human friend.,6.7,124788,2015
228066,Victor Frankenstein,Paul McGuigan,Daniel Radcliffe,James McAvoy,Jessica Brown Findlay,Drama Sci-Fi Thriller,Eccentric scientist Victor Von Frankenstein creates a grotesque creature in an unorthodox scientific experiment.,5.9,59412,2015
287903,Krampus,Michael Dougherty,Adam Scott,Toni Collette,David Koechner,Horror Comedy Fantasy,"When his dysfunctional family clashes over the holidays, young Max is disillusioned and turns his back on Christmas.  Little does he know, this lack of festive spirit has unleashed the wrath of Krampus: a demonic force of ancient evil intent on punishing non-believers.",6.2,80584,2015
205775,In the Heart of the Sea,Ron Howard,Chris Hemsworth,Benjamin Walker,Cillian Murphy,Thriller Drama Adventure Action History,"In the winter of 1820, the New England whaling ship Essex is assaulted by something no one could believeÃƒÂ¢Ã‚Â€Ã‚Â”a whale of mammoth size and will, and an almost human sense of vengeance.",6.9,146559,2015
318846,The Big Short,Adam McKay,Christian Bale,Steve Carell,Ryan Gosling,Comedy Drama,The men who made millions from a global economic meltdown.,7.8,470851,2015
258509,Alvin and the Chipmunks: The Road Chip,Walt Becker,Jason Lee,Tony Hale,Kimberly Williams-Paisley,Adventure Animation Comedy Family,"Through a series of misunderstandings, Alvin, Simon and Theodore come to believe that Dave is going to propose to his new girlfriend in New York City - and dump them. They have three days to get to him and stop the proposal.",4.9,21841,2015
266294,Sisters,Jason Moore,Amy Poehler,Tina Fey,John Cena,Comedy,Two disconnected sisters are summoned to clean out their childhood bedrooms before their parents sell their family home.,6,68562,2015
140607,Star Wars: Episode VII - The Force Awakens,J. J. Abrams,Harrison Ford,Mark Hamill,Carrie Fisher,Adventure Action Sci-Fi,"Thirty years after defeating the Galactic Empire, Han Solo and his allies face a new threat from the evil Kylo Ren and his army of Stormtroopers.",7.8,962568,2015
545609,Extraction,Steven C. Miller,Kellan Lutz,Bruce Willis,Gina Carano,Action Thriller,"Tyler Rake, a fearless mercenary who offers his services on the black market, embarks on a dangerous mission when he is hired to rescue the kidnapped son of a Mumbai crime lord.",4.1,11878,2015
321741,Concussion,Peter Landesman,Will Smith,Alec Baldwin,Gugu Mbatha-Raw,Drama,"A dramatic thriller based on the incredible true David vs. Goliath story of American immigrant Dr. Bennet Omalu, the brilliant forensic neuropathologist who made the first discovery of CTE, a football-related brain trauma, in a pro player and fought for the truth to be known. Omalu's emotional quest puts him at dangerous odds with one of the most powerful institutions in the world.",7.1,99332,2015
274167,Daddy's Home,Sean Anders,Will Ferrell,Mark Wahlberg,Linda Cardellini,Comedy,"The story of a mild-mannered radio executive who strives to become the best stepdad ever to his wife's two children, but complications ensue when their freewheeling, freeloading real father arrives, forcing stepdad to compete for the affection of the kids.",6.2,126686,2015
274479,Joy,David O. Russell,Jennifer Lawrence,Robert De Niro,Edgar Ramirez,Drama Comedy,A story based on the life of a struggling Long Island single mom who became one of the country's most successful entrepreneurs.,6.6,143131,2015
1089,Point Break,Ericson Core,Edgar Ramirez,Luke Bracey,Teresa Palmer,Action Thriller Crime,"In Los Angeles, a gang of bank robbers who call themselves The Ex-Presidents commit their crimes while wearing masks of Reagan, Carter, Nixon and Johnson. Believing that the members of the gang could be surfers, the F.B.I. sends young agent Johnny Utah to the beach undercover to mix with the surfers and gather information.",5.3,65412,2015
273248,The Hateful Eight,Quentin Tarantino,Samuel L. Jackson,Kurt Russell,Jennifer Jason Leigh,Drama Mystery Western,Bounty hunters seek shelter from a raging blizzard and get caught up in a plot of betrayal and deception.,7.8,642959,2015
281957,The Revenant,Alejandro Gonzalez Inarritu,Leonardo DiCaprio,Tom Hardy,Domhnall Gleeson,Western Drama Adventure,"In the 1820s, a frontiersman, Hugh Glass, sets out on a path of vengeance against those who left him for dead after a bear mauling.",8,852760,2015
291270,Anomalisa,Charlie Kaufman,David Thewlis,Jennifer Jason Leigh,Tom Noonan,Animation Drama Romance Comedy,An inspirational speaker becomes reinvigorated after meeting a lively woman who shakes up his mundane existence.,7.3,74546,2015
